title,url,score,author,time,num_comments
10% of Cubans left Cuba between 2022 and 2023,https://www.miamiherald.com/news/nation-world/world/americas/cuba/article290249799.html,398,apsec112,2024-07-20 16:43:24,783
rr – record and replay debugger for C/C++,https://rr-project.org/,84,levzettelin,2024-07-21 11:54:13,33
User returns after 100k-hours ban to continue conversation that got them banned,https://www.pcgamer.com/games/something-awful-forumite-achieves-posting-godhood-emerging-from-the-void-after-100000-hour-11-year-ban-to-continue-the-same-argument-from-2013/,16,campuscodi,2024-07-21 15:32:10,3
"What is the significance of the character ""j"" at the end of a Roman Numeral?",https://genealogy.stackexchange.com/questions/3748/what-is-the-significance-of-the-character-j-at-the-end-of-a-roman-numeral,187,kamaraju,2024-07-21 08:31:59,48
Large models of what? Mistaking engineering achievements for linguistic agency,https://arxiv.org/abs/2407.08790,149,Anon84,2024-07-16 13:54:31,85
Google Distributed Cloud air-gapped appliance,https://cloud.google.com/blog/topics/hybrid-cloud/google-distributed-cloud-air-gapped-appliance-is-ga,141,radeeyate,2024-07-20 23:52:23,82
Initial details about why CrowdStrike's CSAgent.sys crashed,https://twitter.com/patrickwardle/status/1814343502886477857,347,pilfered,2024-07-21 03:17:34,383
Minuteman missile communications,https://computer.rip/2024-07-20-minuteman-missile-communications.html,269,sklargh,2024-07-20 23:33:06,39
Intel vs. Samsung vs. TSMC,https://semiengineering.com/intel-vs-samsung-vs-tsmc/,150,rbanffy,2024-07-20 23:29:37,34
A Linux kernel syscall implementation tracker,https://syscalls.mebeim.net/?table=x86/64/x64/latest,313,halb,2024-07-20 20:34:52,59
Zettlr: One-Stop Publication Workbench,https://www.zettlr.com,52,hgyjnbdet,2024-07-21 10:53:25,7
"Let's blame the dev who pressed ""Deploy""",https://yieldcode.blog/post/lets-blame-the-dev-who-pressed-deploy/,8,skwee357,2024-07-21 12:47:22,2
How to choose a textbook that is optimal for oneself?,https://matheducators.stackexchange.com/questions/27964/how-to-choose-a-textbook-that-is-pedagogically-optimal-for-oneself,218,JustinSkycak,2024-07-20 17:13:33,107
Conway's Law and Coding Assistants,https://mishajw.com/posts/conways-law.html,6,mishajw,2024-07-18 14:07:48,2
"Mangrove trees are on the move, taking the tropics with them",https://www.scientificamerican.com/article/mangrove-trees-are-on-the-move-taking-the-tropics-with-them/,135,alexahn,2024-07-16 21:16:04,19
Empathy for the user having sex with your software,https://docs.buttplug.io/docs/dev-guide/intro/buttplug-ethics/,312,Kye,2024-07-21 02:27:54,64
Building a Galaksija,https://blog.vladovince.com/building-a-galaksija-the-1980s-yugoslav-8-bit-microcomputer-part-i-the-tech/,48,bane,2024-07-16 21:16:47,11
Managing Classic Mac OS Resources in ResEdit,https://eclecticlight.co/2024/07/20/managing-classic-mac-os-resources-in-resedit/,76,zdw,2024-07-20 23:58:10,39
"Show HN: Ristretto, an OSS sandboxed code playground/notebook written in itself",https://ristretto.codeberg.page/,16,benatkin,2024-07-21 09:23:31,0
Aro – Zig's new C compiler,https://github.com/Vexu/arocc,189,whatever3,2024-07-20 14:03:55,94
Human parasites in the Roman World: health consequences of conquering an empire,https://www.cambridge.org/core/journals/parasitology/article/human-parasites-in-the-roman-world-health-consequences-of-conquering-an-empire/6464BDBB5D4B8EC0B08C503B6ECD1B7B,97,GeoAtreides,2024-07-20 18:46:56,42
Prelude – a tiny CLI tool building context prompts from your code,https://github.com/aerugo/prelude,31,aerugo_,2024-07-21 03:06:01,15
1989 Networking: NetWare 386,http://www.os2museum.com/wp/1989-networking-netware-386/,128,supermatou,2024-07-20 15:51:01,66
Typst: An easy to learn alternative for LaTex,https://github.com/typst/typst,539,vogu66,2024-07-20 11:14:20,156
Robot dog cleans up beaches with foot-mounted vacuums,https://spectrum.ieee.org/robot-dog-vacuum,124,zdw,2024-07-20 15:18:21,102
"It's all up for grabs, compound with glue",https://lmno.lol/alvaro/its-all-up-for-grabs-and-it-compounds,6,xenodium,2024-07-17 21:01:36,1
The Resilience of Internet Infrastructures in Pacific Northwest to Earthquakes [pdf],https://pages.uoregon.edu/vjs/files/Mayer_Sahakian_etal2021.pdf,86,luu,2024-07-16 23:48:50,5
Modeling study proposes a diamond layer at the core-mantle boundary on Mercury,https://phys.org/news/2024-07-diamond-layer-core-mantle-boundary.html,45,PaulHoule,2024-07-20 03:03:52,17
Exercise: Minesweeper in 100 lines of Ruby,https://radanskoric.com/experiments/minesweeper-100-lines-of-clean-ruby,78,damir,2024-07-20 21:45:37,19
What to do if you don't want a default constructor?,https://www.sandordargo.com/blog/2024/07/17/what-should-be-a-default-value,45,jandeboevrie,2024-07-18 09:10:59,13
The Kimchi Masters of South Korea,https://www.nytimes.com/2024/07/16/dining/south-korea-kimchi-masters.html,135,petethomas,2024-07-17 05:14:21,65
"""Maxwell's equations of software"" examined (2008)",https://www.righto.com/2008/07/maxwells-equations-of-software-examined.html,62,behnamoh,2024-07-21 04:04:02,13
Deluge of Fake Mac App Store Reviews,https://lapcatsoftware.com/articles/2024/7/1.html,102,latexr,2024-07-21 03:38:31,41
Invalid SMILES beneficial rather than detrimental to chemical language models,https://www.nature.com/articles/s42256-024-00821-x,23,Bluestein,2024-07-17 00:47:34,10
"Former Bungie, Pokémon lawyer explains how they caught leakers",https://www.bloomberg.com/news/newsletters/2024-07-12/former-bungie-pokemon-lawyer-explains-how-they-caught-leakers,90,danso,2024-07-17 16:39:08,66
Garage: Open-Source Distributed Object Storage,https://garagehq.deuxfleurs.fr/,469,n3t,2024-07-20 03:40:31,119
CrowdStrike Update: Windows Bluescreen and Boot Loops,https://old.reddit.com/r/crowdstrike/comments/1e6vmkf/bsod_error_in_latest_crowdstrike_update/,4413,BLKNSLVR,2024-07-19 08:26:13,3768
Syscall.sh,https://syscall.sh/,55,notepad0x90,2024-07-21 10:13:39,9
Show HN: JSON-Threat-Protection Rust High-Performance Crate,https://github.com/ADD-SP/json-threat-protection.rs,29,ADD-SP,2024-07-21 03:31:50,17
Whose bug is this anyway? (2012),https://www.codeofhonor.com/blog/whose-bug-is-this-anyway,14,NegatioN,2024-07-16 21:12:33,2
Ask HN: What is the best way to author blogs in 2024?,,77,badrabbit,2024-07-20 10:37:47,89
Hadrius (YC W23) is hiring engineers looking to grow into future founders,https://www.ycombinator.com/companies/hadrius/jobs/1z3APsX-founding-engineer,1,calderwoodra,2024-07-20 15:01:28,0
Xwax Is an Open-Source Digital Vinyl System (DVS) for Linux,https://xwax.org/,97,gjvc,2024-07-16 15:56:52,25
Itsy-gitsy – A static site generator for Git repositories,https://git.trevorbentley.com/itsy-gitsy/,24,codetrotter,2024-07-20 20:34:40,2
C Traps and Pitfalls (1988) [pdf],http://literateprogramming.com/ctraps.pdf,6,aragonite,2024-07-21 04:17:42,3
A brief interview with Tcl creator John Ousterhout (2023),https://pldb.io/blog/JohnOusterhout.html,142,breck,2024-07-20 18:56:11,58
Converting Codebases with LLMs,https://blog.withmantle.com/code-conversion-using-ai/,126,Osis,2024-07-20 07:27:38,88
"Foliate: Read e-books in style, navigate with ease",https://johnfactotum.github.io/foliate/,601,ingve,2024-07-19 08:48:08,132
Modchipping a Fridge,https://kennedn.com/blog/posts/fridgepwn/,24,kennedn,2024-07-20 17:58:49,16
CrowdStrike Incident Analysis,https://twitter.com/taviso/status/1814762302337654829,11,daenney,2024-07-21 09:46:33,3
Don't snipe me in space-intentional flash corruption for STM32 microcontrollers,https://blog.010.one/Dont-snipe-me-in-space-intentional-flash-corruption-for-stm32-microcontrollers,18,thunderbong,2024-07-20 17:48:58,2
"CLI tools to build, browse, and blend your media library",https://github.com/chapmanjacobd/library,82,xk3,2024-07-19 20:31:42,13
Parametric Matrix Models,https://arxiv.org/abs/2401.11694,62,evanb,2024-07-16 16:48:34,7
Automerge: A library of data structures for building collaborative applications,https://automerge.org/,260,surprisetalk,2024-07-16 17:03:44,57
Ridiculous vulnerability disclosure process with CrowdStrike Falcon [2022],https://modzero.com/modlog/archives/2022/08/22/ridiculous_vulnerability_disclosure_process_with_crowdstrike_falcon_sensor/index.html,61,firebaze,2024-07-21 08:14:15,2
CrowdStrike debacle provides road map of American vulnerabilities to adversaries,https://www.nytimes.com/2024/07/19/us/politics/crowdstrike-outage.html,264,jmsflknr,2024-07-20 18:18:19,361
"Show HN: QRaro, store binary data into QR Codes and retrieve it later",https://github.com/tcsenpai/qraro,12,tcsenpai,2024-07-21 02:12:25,3
Technical Details: Falcon Update for Windows Hosts,https://www.crowdstrike.com/blog/falcon-update-for-windows-hosts-technical-details/,7,tosh,2024-07-21 09:06:04,3
"""Any sufficiently bad software update is indistinguishable from a cyberattack""",https://twitter.com/leighhoneywell/status/1814278230704111792,151,peter_d_sherman,2024-07-21 10:01:49,87
Siblings miss crucial life-extending treatment because of CrowdStrike outage,https://www.kiro7.com/news/local/siblings-miss-crucial-life-extending-treatment-seattle-childrens-because-crowdstrike-outage/Y5EMEXGGQJE7PHDEAEKCWG6U4M/,142,nullindividual,2024-07-20 18:06:15,159
Want to spot a deepfake? Look for the stars in their eyes,https://ras.ac.uk/news-and-press/news/want-spot-deepfake-look-stars-their-eyes,283,jonbaer,2024-07-18 17:34:42,141
Show HN: I made a site that crowdsources the top unlaunched projects,https://www.notshipped.com/,5,jaynpatel,2024-07-21 10:51:43,2
Memory and ILP handling in 2D convolutions,https://riemani.ca/conv,35,pdziepak,2024-07-20 15:34:53,6
Kompute – Vulkan Alternative to CUDA,https://github.com/KomputeProject/kompute,190,coffeeaddict1,2024-07-19 20:43:53,39
Ask HN: What business would you start in 2025?,,19,jamesq,2024-07-21 00:31:45,23
Build Your Career on Dirty Work (2022),https://staysaasy.com/career/2022/09/11/Dirty-Work.html,11,thisismytest,2024-07-21 07:01:14,2
"Tenstorrent Unveils High-End Wormhole AI Processors, Featuring RISC-V",https://wccftech.com/tenstorrent-wormhole-ai-processors-risc-v-phenomenal-price-to-performance-value/,67,rbanffy,2024-07-20 22:34:17,39
Is Mars Habitable? (1907),https://people.wku.edu/charles.smith/wallace/S730.htm,62,kimmk,2024-07-17 01:55:14,23
SKI Combinator Calculus,https://en.wikipedia.org/wiki/SKI_combinator_calculus,29,barrister,2024-07-18 08:56:36,4
X.com refuses to open with Firefox strict tracking protection enabled,https://x.com/,241,anticensor,2024-07-21 07:37:28,180
Researcher finds flaw in a16z website that exposed some company data,https://www.kibty.town/blog/a16z/,527,udev4096,2024-07-20 17:33:18,204
Show HN: Sendune – open-source HTML email designer,,408,samdung,2024-07-19 18:22:40,87
How to use the new counted_by attribute in C (and Linux),https://people.kernel.org/gustavoars/how-to-use-the-new-counted_by-attribute-in-c-and-linux,55,thunderbong,2024-07-20 20:47:16,10
A search engine by and for the federal government,https://search.gov/,228,pajtai,2024-07-19 20:43:44,55
Playing guitar tablatures in Rust,https://agourlay.github.io/ruxguitar-tablature-player/,185,lukastyrychtr,2024-07-19 19:57:11,80
Building the new hypermedia systems,https://dz4k.com/2024/new-hypermedia-systems/,132,mpweiher,2024-07-19 16:49:26,30
Sonny Piers was removed from the GNOME Foundation board,https://discourse.gnome.org/t/updates-to-the-gnome-foundation-board-of-directors-roster/22201,46,OmegaDungeon,2024-07-21 03:17:20,27
10-acre underground home and gardens in Fresno (2023) [video],https://www.youtube.com/watch?v=mUKRPoQKynk,276,8bitsrule,2024-07-16 21:07:57,84
Public toilets are vanishing and that's a civic catastrophe,https://psyche.co/ideas/public-toilets-are-vanishing-and-thats-a-civic-catastrophe,221,pseudolus,2024-07-20 14:37:14,277
Debugging an evil Go runtime bug: From heat guns to kernel compiler flags (2017),https://marcan.st/2017/12/debugging-an-evil-go-runtime-bug/,202,goranmoomin,2024-07-19 16:24:40,46
Multisatellite data depicts a record-breaking methane leak from a well blowout,https://pubs.acs.org/doi/10.1021/acs.estlett.4c00399,316,belter,2024-07-20 01:42:25,226
What happened to BERT and T5?,https://www.yitay.net/blog/model-architecture-blogpost-encoders-prefixlm-denoising,245,fzliu,2024-07-19 21:54:26,67
Bangladesh imposes curfew after dozens killed in anti-government protests,https://www.washingtonpost.com/world/2024/07/19/bangladesh-demonstrations-police-hasina/,428,perihelions,2024-07-19 18:22:02,180
The Later Years of Douglas Adams,https://www.filfre.net/2024/07/the-later-years-of-douglas-adams/,204,doppp,2024-07-19 19:29:30,70
The Luckfox Pico Mini B – Linux in a Thumbnail,https://taoofmac.com/space/blog/2024/07/20/1800,57,rcarmo,2024-07-20 20:39:28,12
"Omm (""on-my-mind"") – A keyboard-driven task manager for the command line",https://github.com/dhth/omm,43,dhth,2024-07-19 18:25:02,11
Tonsky: Don't go crazy with Clojure unless it makes you happy,https://tonsky.me/blog/clojure-macros/,16,atomicbeanie,2024-07-20 06:54:10,2
FauxTRS,https://github.com/jpasqua/FauxTRS,6,nairteashop,2024-07-20 19:48:20,0
Where's the Synthetic Blood?,https://press.asimov.com/articles/synthetic-blood,35,mailyk,2024-07-19 17:53:45,8
"Devzat – Chat over SSH, with some nice quality-of-life features",https://github.com/quackduck/devzat,428,humanperhaps,2024-07-18 20:58:52,103
Dysfunctional Options Pattern in Go,https://rednafi.com/go/dysfunctional_options_pattern/,12,ingve,2024-07-20 15:26:42,4
Journeying into XDP: Fully-fledged DNS service augmentation (2022),https://blog.apnic.net/2022/02/15/journeying-into-xdp-fully-fledged-dns-service-augmentation/,15,fanf2,2024-07-20 17:42:02,0
There's Now 10k Active Satellites in Orbit,https://planet4589.org/space/stats/acdec.html,25,sharpshadow,2024-07-19 17:53:16,11
We created a fake delivery company to get a job,https://blog.kashevko.com/we-created-a-fake-delivery-company-3/,190,1ikigai,2024-07-16 19:21:13,124
I mapped almost every USA traffic death in the 21st century,https://roadway.report,696,Bencarneiro,2024-07-20 02:16:46,421
Instrumenting Python GIL with eBPF,https://coroot.com/blog/instrumenting-python-gil-with-ebpf,114,lukastyrychtr,2024-07-19 17:31:04,33
A Journey into Rebel-Held Myanmar,https://www.noemamag.com/a-journey-into-rebel-held-myanmar/,82,jprohov,2024-07-18 21:14:38,8
NASA's Curiosity rover discovers a surprise in a Martian rock,https://www.jpl.nasa.gov/news/nasas-curiosity-rover-discovers-a-surprise-in-a-martian-rock,178,Ozarkian,2024-07-19 16:47:48,97
I pushed for press freedom in Hong Kong. The Wall Street Journal fired me.,https://www.cjr.org/first_person/selina-cheng-wall-street-journal-gershkovich-evan-china-hong-kong-apple.php,35,aspenmayer,2024-07-21 05:32:45,0
Europe turns to conscription as threat of wider war with Russia grows,https://www.cnn.com/2024/07/21/europe/europe-conscription-war-russia-intl/index.html,6,peutetre,2024-07-21 12:24:53,11
"Arm's Cortex A73: Resource Limits, What Are Those?",https://chipsandcheese.com/2024/07/18/arms-cortex-a73-resource-limits-what-are-those/,5,rbanffy,2024-07-20 16:04:52,1
Show HN: We made a platform that allows you to build UI kits in days not months,https://symbolsapp.framer.website/,13,joshsymbols,2024-07-20 01:05:50,9
Double trouble: ESA's Gaia hit by micrometeoroid and solar storm,https://www.esa.int/Enabling_Support/Operations/Double_trouble_Gaia_hit_by_micrometeoroid_and_solar_storm,154,gnabgib,2024-07-19 00:27:08,21
Monumental Proof Settles Geometric Langlands Conjecture,https://www.quantamagazine.org/monumental-proof-settles-geometric-langlands-conjecture-20240719/,45,jandrewrogers,2024-07-19 18:40:07,2
Sentinel-free schemas: a thought experiment,https://minimalmodeling.substack.com/p/sentinel-free-schemas-a-thought-experiment,15,todsacerdoti,2024-07-20 15:20:21,2
End Poem by Julian Gough,https://www.theendpoem.com/,69,Tomte,2024-07-19 10:48:25,24
SpreadsheetLLM: Encoding Spreadsheets for Large Language Models,https://arxiv.org/abs/2407.09025,188,goplayoutside,2024-07-17 15:16:18,70
"Show HN: NetSour, CLI Based Wireshark",https://github.com/thegoodduck/NetSour,58,thegoodduck,2024-07-19 05:17:29,39
Elephants use namelike calls,https://www.theatlantic.com/science/archive/2024/07/animal-naming-elephant-consciousness-language/679075/,134,peutetre,2024-07-19 02:53:36,101
Graunt and Statistics,https://www.delanceyplace.com/view-archives.php?5092,25,Hooke,2024-07-17 22:09:30,5
Finding Simple Rewrite Rules for the JIT with Z3,https://pypy.org/posts/2024/07/finding-simple-rewrite-rules-jit-z3.html,22,lukastyrychtr,2024-07-19 18:29:58,0
New images show uncontacted tribe dangerously close to logging concessions,https://www.survivalinternational.org/news/13964,15,geox,2024-07-20 18:48:49,7
Ask HN: Can anyone from Crowdstrike explain the back story?,,98,imranhou,2024-07-20 16:32:21,143
Hash-based bisect debugging in compilers and runtimes,https://research.swtch.com/bisect,247,rsc,2024-07-18 17:36:58,44
The unexpected poetry of PhD acknowledgements,https://science.anu.edu.au/news-events/news/unexpected-poetry-phd-acknowledgements,357,zsrobinson,2024-07-17 20:44:38,85
No Uptime Hosting (2006),https://nouptime.com/,246,Viraxi,2024-07-20 16:21:00,71
Qualcomm makes its AI models available to app developers,https://www.tomshardware.com/tech-industry/artificial-intelligence/qualcomm-makes-its-ai-models-available-to-app-developers,8,nateb2022,2024-07-21 04:25:05,0
Google set to purge the Play Store of low-quality apps,https://www.androidauthority.com/google-apps-play-store-3462390/,67,meiraleal,2024-07-20 20:54:34,61
"Nigeria fines Meta $220M for violating consumer, data laws",https://www.reuters.com/technology/nigerias-consumer-watchdog-fines-meta-220-million-violating-local-consumer-data-2024-07-19/,81,skilled,2024-07-19 21:42:05,35
Raspberry Pi and 3D printing brings faux TRS-80 to life,https://www.tomshardware.com/raspberry-pi/raspberry-pi-projects/one-of-the-first-home-computers-resurrected,8,thunderbong,2024-07-20 23:05:36,0
Import and Export Markdown in Google Docs,https://workspaceupdates.googleblog.com/2024/07/import-and-export-markdown-in-google-docs.html,645,pentagrama,2024-07-17 05:44:51,130
Professional poker players know the optimal strategy but don't always use it,https://www.scientificamerican.com/article/the-nash-equilibrium-is-the-optimal-poker-strategy-expert-players-dont-always-use-it/,143,alexahn,2024-07-19 06:17:18,84
"CrowdStrike IT outage affected 8.5M Windows devices, Microsoft says",https://www.bbc.com/news/articles/cpe3zgznwjno,8,laiysb,2024-07-20 23:04:11,1
Polychromatic Pixels,https://compoundsemiconductor.net/article/119170/Polychromatic_pixels,201,bluehat974,2024-07-18 19:11:41,139
Rothgar/awesome-tuis: List of projects that provide terminal user interfaces,https://github.com/rothgar/awesome-tuis,15,tambourine_man,2024-07-20 23:12:46,0
Azure Central US region is currently down,,53,hypeatei,2024-07-19 02:44:36,10
Technical Details on Today's Outage,https://www.crowdstrike.com/blog/technical-details-on-todays-outage/,117,xjia,2024-07-20 04:19:28,127
OpenStreetMap's 20th Anniversary Celebration is August 9,https://birthday20.openstreetmap.org/,111,molly_radstowe,2024-07-17 01:31:46,10
LAPD warns about spike in burglaries using WiFi jammers to disable security cams,https://www.tomshardware.com/networking/lapd-warn-residents-after-spate-of-wi-fi-jammer-cloaked-burglaries-police-share-a-security-check-list,17,josephcsible,2024-07-21 04:45:52,1
Show HN: Gothem stack – An Htmx and templ template,https://github.com/grindlemire/gothem-stack,13,grindlemire,2024-07-20 02:52:36,2
FCC votes to limit prison telecom charges,https://worthrises.org/pressreleases/2024/7/18/fcc-votes-unanimously-to-significantly-lower-phone-and-video-communication-costs-after-decades-of-exploitation-by-prison-telecoms,960,Avshalom,2024-07-19 14:33:45,418
Perceiving oneself as a major character in one's life story predicts well-being,https://www.sciencedirect.com/science/article/abs/pii/S0092656624000588,11,geox,2024-07-20 21:58:50,4
"Signs of two gases in clouds of Venus could indicate life, scientists say",https://www.theguardian.com/science/article/2024/jul/17/signs-of-two-gases-phosphine-ammonia-in-clouds-of-venus-life,76,daegloe,2024-07-19 19:14:08,36
No longer rare: China's overproduction sends rare-earth prices tanking,https://asia.nikkei.com/Business/Markets/Commodities/No-longer-rare-China-s-overproduction-sends-rare-earth-prices-tanking,13,Ozarkian,2024-07-21 07:01:15,2
Rust is getting support for NuttX,https://github.com/rust-lang/rust/pull/127755,21,acassis,2024-07-19 15:29:24,0
Never Update Anything,https://blog.kronis.dev/articles/never-update-anything,180,generatorman,2024-07-19 22:07:48,112
AI paid for by Ads – the GPT-4o mini inflection point,https://batchmon.com/blog/ai-cheaper-than-ads/,283,thunderbong,2024-07-19 22:28:39,229
Show HN: Local Devin – powered by Sonnet 3.5,https://codecompanion.ai/,5,elco_us,2024-07-21 00:54:00,1
Transcribro: On-device Accurate Speech-to-text,https://github.com/soupslurpr/Transcribro,163,thebiblelover7,2024-07-18 20:25:15,58
Mathstral: 7B LLM designed for math reasoning and scientific discovery,https://mistral.ai/news/mathstral/,22,mnoorfawi,2024-07-19 07:16:52,1
A RP2040 based DECstation 3000 emulator that can run DECWindows,https://github.com/rscott2049/DECstation2040,195,dmitrygr,2024-07-18 02:11:26,56
How Fake Money Saved Brazil (2010),https://www.npr.org/sections/money/2010/10/04/130329523/how-fake-money-saved-brazil,12,yamrzou,2024-07-20 22:30:23,0
Can I? Tools,https://status.pointless.one/@pointlessone/112802420328494789,77,todsacerdoti,2024-07-17 21:10:26,5
The CrowdStrike file that broke everything was full of null characters?,https://twitter.com/jeremyphoward/status/1814364640127922499,300,behnamoh,2024-07-19 21:47:44,340
Breakthrough bioplastic decomposes in 2 months,https://www.thecooldown.com/green-tech/biodegradable-plastic-university-copenhagen-disposables/,12,westurner,2024-07-20 22:22:52,4
A brief interview with Awk creator Dr. Brian Kernighan (2022),https://pldb.io/blog/brianKernighan.html,249,breck,2024-07-17 21:28:44,127
Mystery as 4k-year-old axe-heads sent to museum,https://www.bbc.com/news/articles/cydvn07d7vdo,99,thunderbong,2024-07-16 20:40:52,105
"Global IT outage shows dangers of cashless society, campaigners say",https://www.theguardian.com/technology/article/2024/jul/20/cash-global-it-outage-cashless-society-dangers-payment-choice-alliance,152,rntn,2024-07-20 21:52:19,116
Show HN: How we leapfrogged traditional vector based RAG with a 'language map',https://twitter.com/mutableai/status/1813815706783490055,155,oshams,2024-07-18 21:40:14,55
"NSCopyObject, the griefer that keeps on griefing",https://wadetregaskis.com/nscopyobject-the-griefer-that-keeps-on-griefing/,138,chmaynard,2024-07-16 16:34:07,47
"Earth's Water Is Rapidly Losing Oxygen, and the Danger Is Huge",https://www.sciencealert.com/earths-water-is-rapidly-losing-oxygen-and-the-danger-is-huge,26,croes,2024-07-20 11:56:32,3
The Objects of Our Life (1983),https://stevejobsarchive.com/exhibits/objects-of-our-life,279,Brajeshwar,2024-07-18 16:43:20,144
"Indo-European and Basque, pt 1 [video]",https://www.youtube.com/watch?v=iycm8bg-WVk,7,thunderbong,2024-07-20 23:13:46,1
Jailbreaking RabbitOS,https://www.da.vidbuchanan.co.uk/blog/r1-jailbreak.html,1080,Retr0id,2024-07-17 19:41:38,263
Global CrowdStrike Outage Proves How Fragile IT Systems Have Become,https://www.nytimes.com/2024/07/20/technology/crowdstrike-microsoft-outage-software.html,14,trauco,2024-07-20 23:08:21,4
My daughter (7 years old) used HTML to make a website,https://naya.lol,1400,fintler,2024-07-18 09:24:51,506
Our Wandering Path to Supporting 1000s of Domain Names,https://fusionauth.io/blog/unlimited-domains-fusionauth,15,mooreds,2024-07-16 17:06:42,0
The Greatest Educational Life Hack: Learning Math Ahead of Time,https://www.justinmath.com/the-greatest-educational-life-hack-learning-math-ahead-of-time/,360,harperlee,2024-07-17 11:46:55,220
"Micro-sized spectrometer operates across visible spectrum, sub-5-nm resolution",https://techxplore.com/news/2024-07-micro-sized-optical-spectrometer-visible.html,7,rbanffy,2024-07-21 01:01:54,1
New Nano-Tech to Control the Brain Using Magnetic Fields,https://www.ibs.re.kr/cop/bbs/BBSMSTR_000000000738/selectBoardArticle.do?nttId=24921,46,dockimbel,2024-07-20 11:32:15,6
Postgres major version upgrades with minimal downtime,https://xata.io/blog/postgres-major-version-upgrades,36,todsacerdoti,2024-07-18 20:22:53,8
Badminton Shuttlecock Spin and Aerodynamics (2016),https://www.publicspace.net/blog/badminton/2016/04/06/badminton-shuttlecock-spin-aerodynamics/,5,goles,2024-07-20 00:27:42,0
PEV2: PostgreSQL Execution Plan Visualizer,https://github.com/dalibo/pev2,14,carderne,2024-07-20 16:19:03,3
SAPwned: SAP AI vulnerabilities expose customers' cloud environments and privat,https://www.wiz.io/blog/sapwned-sap-ai-vulnerabilities-ai-security,253,todsacerdoti,2024-07-18 01:02:39,65
"As Customers Struggled, Utility CEOs' Pay Spiked Last Year",https://energyandpolicy.org/as-customers-struggled-utility-ceos-pay-spiked-last-year/,12,miguelazo,2024-07-19 23:51:21,2
Scan HTML even faster with SIMD instructions (C++ and C#),https://lemire.me/blog/2024/07/20/scan-html-even-faster-with-simd-instructions-c-and-c/,7,usdogu,2024-07-21 00:39:53,1
JSTinker: An open source clone of JSFiddle,https://github.com/johncipponeri/jstinker,5,thunderbong,2024-07-20 10:40:06,0
Premature Abstraction,https://arendjr.nl/blog/2024/07/post-architecture-premature-abstraction-is-the-root-of-all-evil/,176,arendjr,2024-07-18 10:49:36,112
Academics shocked after T&F sells access to their research to Microsoft AI,https://www.thebookseller.com/news/academic-authors-shocked-after-taylor--francis-sells-access-to-their-research-to-microsoft-ai,117,chbint,2024-07-20 00:53:55,81
Rooftopping is my art form: death-defying couple who climb tallest skyscrapers,https://www.bbc.com/culture/article/20240718-the-death-defying-couple-who-climb-the-worlds-tallest-skyscrapers,5,andsoitis,2024-07-20 04:19:19,1
Little Languages (1986) [pdf],https://staff.um.edu.mt/afra1/seminar/little-languages.pdf,175,ashish01,2024-07-17 21:51:00,26
BitLocker recovery in Microsoft Azure [pdf],https://www.crowdstrike.com/wp-content/uploads/2024/07/BitLocker-recovery-in-Microsoft-Azure-2.0.1.pdf,9,Topfi,2024-07-20 19:41:43,0
Sparrows may be 'canary in the coal mine' for lead poisoning in children: study,https://www.abc.net.au/news/science/2024-07-18/sparrows-lead-poisoning-children-blood-levels-health-mining/104075894,150,Brajeshwar,2024-07-18 16:44:27,93
Copyright trolls can steal any song on YT Music [video],https://www.youtube.com/watch?v=UIlD2UT5tas,11,emporas,2024-07-20 21:41:28,1
NVIDIA Transitions Fully Towards Open-Source Linux GPU Kernel Modules,https://developer.nvidia.com/blog/nvidia-transitions-fully-towards-open-source-gpu-kernel-modules/,872,shaicoleman,2024-07-17 21:40:36,251
CrowdStrike broke Debian and Rocky Linux months ago,https://www.neowin.net/news/crowdstrike-broke-debian-and-rocky-linux-months-ago-but-no-one-noticed/,275,taubek,2024-07-20 20:21:15,139
Buy or Rent? RaspberryPi vs. VPS,https://www.andreagrandi.it/posts/buy-or-rent-raspberrypi-vs-vps/,3,andreagrandi,2024-07-20 09:23:55,0
Hacking the Mac OS X Kernel for Unsupported Machines (2005) [pdf],https://papers.put.as/papers/macosx/2005/Hacking-Mac-OS-X-Kernel-for-unsupported-machines.pdf,68,todsacerdoti,2024-07-17 01:26:39,5
Making Elizabethan plays understandable and fun to read,http://elizabethandrama.org/,103,lordleft,2024-07-16 18:20:34,162
Investing in Rust,https://www.lawfaremedia.org/article/investing-in-rust,44,0xedb,2024-07-20 19:54:46,42
What would it take to recreate Bell Labs?,https://www.construction-physics.com/p/what-would-it-take-to-recreate-bell,333,nickwritesit,2024-07-18 22:28:21,257
Show HN: ProgressLine – Track commands progress in a compact one-line format,https://github.com/kattouf/ProgressLine,28,kattouf,2024-07-18 12:25:35,16
Show HN: ChatGPT Chrome Extension to Keep Temporary Chat Enabled,https://github.com/EliseiNicolae/chatgpt-always-temporary-chat-on,22,iosifnicolae2,2024-07-19 07:05:02,7
The booming business of shaming young men,https://www.businessinsider.com/online-health-hims-young-men-prescriptions-doctors-shame-fears-2024-7,49,rntn,2024-07-19 21:25:51,23
Cofounder matching for indie hackers and bootstrappers,https://indie.cofounderdat.ing,14,nityeshaga,2024-07-20 14:20:00,9
Show HN: Product Hunt for Music,https://tracklist.it/,154,ewhicher,2024-07-17 22:31:04,72
"USPS shared customer postal addresses with Meta, LinkedIn and Snap",https://techcrunch.com/2024/07/18/usps-shared-customer-postal-addresses-with-meta-linkedin-and-snap/,399,leotravis10,2024-07-18 21:56:33,204
Back to the future: Are hackers the future of amateur radio?,https://www.kb6nu.com/back-to-the-future-are-hackers-the-future-of-amateur-radio/,166,austinallegro,2024-07-18 19:05:27,104
Reverse-Engineering an IP Camera (2019),https://dalpix.com/reverse-engineering-ip-camera-part-1,215,jnord,2024-07-17 16:02:19,105
Overcoming the limits of current LLMs,https://seanpedersen.github.io/posts/overcoming-llm-limits,117,sean_pedersen,2024-07-18 03:35:24,105
Learn JavaScript Reactivity: How to Build Signals from Scratch,https://www.freecodecamp.org/news/learn-javascript-reactivity-build-signals-from-scratch/,4,pezcoder,2024-07-19 23:17:30,0
Ask HN: What's Prolog like in 2024?,,415,overclock351,2024-07-18 14:23:06,270
The nation's 911 system is on the brink of its own emergency,https://kffhealthnews.org/news/article/911-outages-emergency-response-cellphone/,30,geox,2024-07-20 03:59:01,1
'Sensational' Proof Delivers New Insights into Prime Numbers,https://www.quantamagazine.org/sensational-proof-delivers-new-insights-into-prime-numbers-20240715/,64,pseudolus,2024-07-17 02:27:01,5
Psilocybin desynchronizes the human brain,https://www.nature.com/articles/s41586-024-07624-5,271,kieckerjan,2024-07-17 19:10:25,258
TinyPod – Apple Watch case with scroll wheel,https://thetinypod.com/,923,herbertl,2024-07-17 19:08:22,340
Diffusion Texture Painting,https://research.nvidia.com/labs/toronto-ai/DiffusionTexturePainting/,5,jhncls,2024-07-21 01:10:19,0
Doom on Playdate,https://devforum.play.date/t/doom-on-playdate/852,142,codetrotter,2024-07-20 04:10:31,35
Astronomers spot 'highly eccentric' planet on its way to becoming a hot Jupiter,https://phys.org/news/2024-07-astronomers-highly-eccentric-planet-hot.html,6,wglb,2024-07-20 23:11:37,0
Solid State Batteries Are Here: Yoshino Power Station by UndecidedMF YT [video],https://www.youtube.com/watch?v=9AZRPItAsfA,9,ljosifov,2024-07-20 18:24:12,1
12-hour timelapse of US flights hit by CrowdStrike,https://twitter.com/US_Stormwatch/status/1814268813879206397,48,thunderbong,2024-07-19 19:31:43,4
Want to spot a deepfake? Look for the stars in their eyes,https://www.sciencedaily.com/releases/2024/07/240717121116.htm,23,pwmtr,2024-07-17 22:29:03,2
"Gamers Nexus: Intel 13th, 14th Gen CPU Oxidation Claims [video]",https://www.youtube.com/watch?v=gTeubeCIwRw,20,mhsdef,2024-07-20 07:17:54,2
Closed form arc length parametrization is impossible for quadratic Bézier curves,https://ninjakoa.la/curly_curves/posts/quadratic_bezier_arc_length_parametrization/,112,NinjaKoala,2024-07-18 01:51:39,45
Lessons from CrowdStrike's Buggy Update,https://www.cncf.io/blog/2024/07/19/lessons-from-crowdstrikes-buggy-update-the-critical-importance-of-robust-release-processes/,5,godisdad,2024-07-20 21:01:41,0
Why You Should Not Use Tcl (1994),https://groups.google.com/g/comp.lang.tcl/c/7JXGt-Uxqag/m/3JBTj5I43yAJ,38,aragonite,2024-07-21 07:35:40,47
XLSTMTime: Long-Term Time Series Forecasting with xLSTM,https://arxiv.org/abs/2407.10240,230,beefman,2024-07-16 20:14:47,53
Vulnerable transistors threaten to upend Europa Clipper mission,https://www.science.org/content/article/vulnerable-transistors-threaten-upend-europa-clipper-mission,176,cratermoon,2024-07-16 20:50:13,105
Prover-Verifier Games improve legibility of language model outputs,https://openai.com/index/prover-verifier-games-improve-legibility/,138,davidbarker,2024-07-17 20:15:37,29
"Git-credential-manager: Secure, cross-platform Git credential storage",https://github.com/git-ecosystem/git-credential-manager,21,ulrischa,2024-07-18 20:46:34,4
Show HN: Llm2sh – Translate plain-language requests into shell commands,https://github.com/randombk/llm2sh,63,RandomBK,2024-07-18 04:02:48,22
Tail Recursion for Macros in C,https://gustedt.wordpress.com/2024/07/19/tail-recursion-for-macros-in-c/,11,ingve,2024-07-19 19:40:59,2
Human reproduction comes at the expense of faster aging and a shorter life,https://www.biorxiv.org/content/10.1101/2024.07.18.603826v1,28,XzetaU8,2024-07-19 22:24:25,16
An energy mismatch helps mice that eat less live longer,https://www.pnas.org/post/journal-club/energy-mismatch-helps-mice-eat-less-live-longer,4,gnabgib,2024-07-20 19:55:34,0
Study reveals how anesthesia drug propofol induces unconsciousness,https://news.mit.edu/2024/study-reveals-how-anesthesia-drug-induces-unconsciousnes-0715,39,bookofjoe,2024-07-17 03:03:05,9
The Chorleywood Experiment (2023),https://www.historic-uk.com/CultureUK/Chorleywood-Experiment-Bread/,19,Jaruzel,2024-07-16 17:31:48,36
OMB discount rate determines grandchildren value,https://www.vox.com/future-perfect/2023/4/12/23679106/biden-policy-future-discount-rate,3,meristohm,2024-07-20 00:57:05,1
Show HN: Cluttr – A local first utility to make images searchable using Ollama,https://cluttr.ai/,6,bearjaws,2024-07-19 17:06:21,0
Playing for survival: the blind Japanese woman keeping a music tradition alive,https://www.theguardian.com/world/article/2024/jul/19/playing-for-survival-the-blind-japanese-woman-keeping-a-music-tradition-alive,4,racional,2024-07-19 17:20:47,0
Show HN: SQLite Transaction Benchmarking Tool,https://github.com/seddonm1/sqlite-bench,126,seddonm1,2024-07-18 00:44:42,21
JavaScript Promises from the Ground Up,https://www.joshwcomeau.com/javascript/promises/,40,thunderbong,2024-07-17 22:16:06,5
Show HN: Boards – Automate document-heavy tasks,https://www.kili.so/,36,ntkris,2024-07-17 18:08:28,11
CrowdStrike fail and next global IT meltdown,https://www.cnbc.com/2024/07/20/the-crowdstrike-fail-and-next-global-it-meltdown-already-in-the-making.html,10,ijidak,2024-07-20 19:14:08,6
Unstoppable AI scams? Americans admit they can't tell what's real anymore,https://studyfinds.org/unstoppable-ai-scams/,24,Brajeshwar,2024-07-20 17:52:01,2
Scientists develop new technique for bespoke optical tweezers,https://phys.org/news/2024-07-scientists-technique-bespoke-optical-tweezers.html,3,PaulHoule,2024-07-20 00:30:38,0
Meta won't release its multimodal Llama AI model in the EU,https://www.theverge.com/2024/7/18/24201041/meta-multimodal-llama-ai-model-launch-eu-regulations,34,martin_,2024-07-19 18:12:49,5
"A type system for RCL, part 2: The type system",https://ruudvanasseldonk.com/2024/a-type-system-for-rcl-part-2-the-type-system,30,todsacerdoti,2024-07-18 22:28:35,8
The White House Has a Plan to Slash Plastic Use in the U.S.,https://www.nytimes.com/2024/07/19/climate/biden-administration-single-use-plastic-reduction.html,13,lxm,2024-07-20 22:23:45,3
How far should a programming language aware diff go?,https://semanticdiff.com/blog/language-aware-diff-how-far/,10,thunderbong,2024-07-18 20:18:13,3
Nvidia open sources its GPU drivers. How to tell what's under your hood,https://www.zdnet.com/article/nvidia-finally-open-sources-some-of-its-gpu-drivers-how-to-tell-whats-under-your-hood/,27,CrankyBear,2024-07-19 22:07:26,2
Show HN: VisCircuit – A Note-Taking Website for Electronics and Circuits,https://viscircuit.com,119,darrenyaoyaoyao,2024-07-17 19:46:14,27
Understanding Big Tech Salaries,https://vk.bearblog.dev/understanding-big-tech-salaries/,31,thatoneguytoo,2024-07-17 16:43:53,7
Ask HN: Is anyone using IPFS for a production level product?,,16,IgorPartola,2024-07-20 15:29:25,3
The Assyrian Renaissance,https://archaeology.org/issues/july-august-2024/features/the-assyrian-renaissance/,6,Caiero,2024-07-19 08:15:13,1
The Data That Powers A.I. Is Disappearing Fast,https://www.nytimes.com/2024/07/19/technology/ai-data-restrictions.html,10,breadwinner,2024-07-20 17:25:15,3
Show HN: Snippp.io – a code organizer for creative coders,https://snippp.io,31,tophercully,2024-07-17 19:53:39,12
Convex Architecture Handbook 1984 [pdf],http://bitsavers.informatik.uni-stuttgart.de/pdf/convex/080-000120-000_CONVEX_Architecture_Handbook_1984.pdf,70,camel-cdr,2024-07-16 22:50:20,8
The Plague of Lust: A History of Venereal Disease in Antiquity (1901 Edition),https://publicdomainreview.org/collection/the-plague-of-lust/,3,Petiver,2024-07-19 21:15:43,0
Darwin Machines,https://vedgie.net/writing/darwin_machines.md,164,calepayson,2024-07-17 01:54:26,82
The Big Data Center Water Problem [video],https://www.youtube.com/watch?v=tJYSzc7YkY0,5,hypeatei,2024-07-20 20:38:54,0
Launch HN: Traceloop (YC W23) – Detecting LLM Hallucinations with OpenTelemetry,,101,GalKlm,2024-07-17 16:19:03,72
Ask HN: People who were alive when walkmen were introduced. What was it like?,,19,TealMyEal,2024-07-20 00:51:56,32
Terminal Workspace with Batteries Included,https://github.com/zellij-org/zellij,31,saikatsg,2024-07-17 22:46:18,9
Ly: Display Manager with Console UI,https://github.com/fairyglade/ly,103,klaussilveira,2024-07-16 17:11:59,35
Efficient self-organization of informal public transport networks,https://www.nature.com/articles/s41467-024-49193-1,4,PaulHoule,2024-07-19 19:44:35,0
Douglas Adams' Starship Titanic game website (1998),http://starshiptitanic.com/,37,galapago,2024-07-20 23:08:01,16
"Vennells knew prosecution of post office operators was wrong, inquiry told",https://www.theguardian.com/uk-news/article/2024/jul/19/vennells-knew-prosecution-of-post-office-operators-was-wrong-inquiry-told,20,chrisjj,2024-07-19 23:50:03,4
What TeX Gets Right,https://newton.cx/~peter/2024/what-tex-gets-right/,45,todsacerdoti,2024-07-21 00:35:53,31
Introduction to Bash Scripting,https://github.com/bobbyiliev/introduction-to-bash-scripting,150,RafelMri,2024-07-17 05:16:02,117
Bangladesh police given 'shoot-on-sight' orders amid national curfew,https://www.theguardian.com/world/article/2024/jul/20/bangladesh-police-given-shoot-on-sight-orders-amid-national-curfew,58,tempodox,2024-07-20 22:26:01,17
Mistral NeMo,https://mistral.ai/news/mistral-nemo/,409,bcatanzaro,2024-07-18 17:45:42,161
Q-Sparse: All Large Language Models Can Be Fully Sparsely-Activated,https://arxiv.org/abs/2407.10969,5,quxinxin,2024-07-19 09:52:38,0
"He created Oculus headsets as a teenager, now he makes AI weapons for Ukraine",https://www.npr.org/2024/07/09/nx-s1-4985981/oculus-ai-weapons-ukraine-palmer-luckey,88,tosh,2024-07-18 16:44:47,114
Stop Microsoft users sending 'reactions' to email by adding a postfix header,https://neilzone.co.uk/2024/07/attempting-to-stop-microsoft-users-sending-reactions-to-email-from-me-by-adding-a-postfix-header/,435,wasmitnetzen,2024-07-16 19:38:07,354
AMD says its new laptop chips can beat Apple,https://www.theverge.com/2024/7/19/24198605/amd-ryzen-ai-strix-point-vs-apple-intel-qualcomm-event,25,belter,2024-07-21 05:18:45,26
Scientists find that small regions of the brain can take micro-naps,https://www.sciencedaily.com/releases/2024/07/240716165143.htm,28,jdmark,2024-07-17 18:27:39,4
3D visualization brings nuclear fusion to life,https://actu.epfl.ch/news/3d-visualization-brings-nuclear-fusion-to-life/,27,rntn,2024-07-19 15:06:51,7
Big Oil is now onto the AI Hype as well,https://www.cnbc.com/2024/07/19/us-will-fall-behind-in-the-ai-race-without-natural-gas-williams-companies-ceo-says.html,7,pixiemaster,2024-07-20 11:15:13,1
Ruby Methods Are Colorless,https://jpcamara.com/2024/07/15/ruby-methods-are.html,7,pmontra,2024-07-19 07:07:51,0
What Materials Are Magnetic?,https://sciencenotes.org/list-of-magnetic-metals/,74,rwmj,2024-07-18 20:18:55,41
Open Source Collective is consistently paying maintainers $1M a month,https://opencollective.com/opensource/updates/open-source-collective-is-paying-maintainers-usd1m-a-month,7,jdorfman,2024-07-18 18:15:14,0
Mice live longer when inflammation-boosting protein is blocked,https://www.nature.com/articles/d41586-024-02298-5,156,pseudolus,2024-07-17 18:52:34,139
Semantic encoding during language comprehension at single-cell resolution,https://www.nature.com/articles/s41586-024-07643-2,7,bookofjoe,2024-07-20 15:24:07,0
Optimizing a bignum library for fun,https://austinhenley.com/blog/bignum2.html,144,azhenley,2024-07-16 21:08:58,63
The European Union must keep funding free software,https://pad.public.cat/lettre-NCP-NGI,138,tr4656,2024-07-19 22:57:03,37
The Last Avant-Garde,https://lareviewofbooks.org/article/the-last-avant-garde/,37,apollinaire,2024-07-17 08:00:16,13
"Devs need system design tools, not diagramming tools",https://thenewstack.io/devs-need-system-design-tools-not-diagramming-tools/,211,argoeris,2024-07-16 18:09:00,99
Robot Dog Cleans Up Beaches with Foot-Mounted Vacuums,https://spectrum.ieee.org/robot-dog-vacuum,6,thunderbong,2024-07-19 06:17:31,0
OpenAI's latest model will block the 'ignore all previous instructions' loophole,https://www.theverge.com/2024/7/19/24201414/openai-chatgpt-gpt-4o-prompt-injection-instruction-hierarchy,19,vyrotek,2024-07-19 20:36:53,7
Microsoft: Helping our customers through the CrowdStrike outage,https://blogs.microsoft.com/blog/2024/07/20/helping-our-customers-through-the-crowdstrike-outage/,5,thecosas,2024-07-20 18:28:47,0
A hard look at AWS GuardDuty shortcomings,https://tracebit.com/blog/a-hard-look-at-guardduty-shortcomings,69,tracebit,2024-07-16 13:49:27,16
Teaching Programming with Basic,https://lackofimagination.org/2024/07/teaching-programming-with-basic/,22,tie-in,2024-07-20 18:32:32,16
Codestral Mamba,https://mistral.ai/news/codestral-mamba/,483,tosh,2024-07-16 17:44:46,136
60-year-old German man likely seventh person to be effectively cured from HIV,https://www.rfi.fr/en/international-news/20240718-seventh-person-likely-cured-of-hiv-doctors-announce,165,belter,2024-07-18 22:54:13,32
Researchers build a solar-powered hovering drone that weighs only 9 mg,https://arstechnica.com/science/2024/07/researchers-build-ultralight-drone-that-flies-with-onboard-solar/,93,thunderbong,2024-07-17 21:52:09,45
Offload-friendly network encryption in the kernel,https://lwn.net/Articles/980430/,4,signa11,2024-07-19 04:35:48,0
BBC Television Received in New York – November 1938,https://archive.org/details/BbcTelevisionReceivedInNewYork-1938,20,petethomas,2024-07-17 23:57:47,2
It's not just CrowdStrike – the cyber sector is vulnerable,https://www.ft.com/content/d2f529fe-3050-4ef5-a8c7-6487d533e57a,122,jmsflknr,2024-07-19 19:02:58,124
Web UI Testing with Go,https://www.inkmi.com/blog/web-ui-tests-in-golang,4,KingOfCoders,2024-07-20 12:56:09,0
Hungary facing fuel crisis as Ukraine turns up heat on Russian oil supplies,https://www.politico.eu/article/hungary-fuel-crisis-ukraine-sanctions-russian-oil-imports-lukoil-central-europe/,14,wslh,2024-07-20 21:05:29,0
What can TypeScript learn from Zig? What can Zig learn from TypeScript?,https://effectivetypescript.com/2024/07/17/advent2023-zig/,85,danvk,2024-07-17 23:03:30,25
A Digital Model of the Ancient City of Babylon,https://www.uu.se/en/department/linguistics-and-philology/research/proj/model-of-babylon,4,bryanrasmussen,2024-07-19 12:25:42,0
Screen Media Use and Mental Health of Children and Adolescents,https://jamanetwork.com/journals/jamanetworkopen/fullarticle/2821176,6,quxinxin,2024-07-19 13:14:31,0
Telekom Security: Revocation delay for TLS certificates,https://bugzilla.mozilla.org/show_bug.cgi?id=1877388,53,MaKey,2024-07-19 17:50:29,13
Are no-code website builders worth it?,,8,ssc23,2024-07-19 22:54:50,5
They Thought They Knew Their Hamsters. Then They Put Up Spy Cameras,https://www.wsj.com/lifestyle/hamster-cameras-pet-monitoring-90875ab9,31,Jimmc414,2024-07-17 03:50:15,11
Give Me the Green Light Part 1: Hacking Traffic Control Systems,https://www.redthreatsec.com/blog/greenlightspart1,9,danso,2024-07-18 16:24:44,0
Transmits AM radio on computers without radio transmitting hardware (Airgap),https://github.com/fulldecent/system-bus-radio,7,punnerud,2024-07-19 00:18:24,0
AMD MI300X vs. Nvidia H100 LLM Benchmarks,https://blog.runpod.io/amd-mi300x-vs-nvidia-h100-sxm-performance-comparison-on-mixtral-8x7b-inference/,13,aadillpickle,2024-07-16 16:25:52,4
I am starting an AI+Education company,https://twitter.com/karpathy/status/1813263734707790301,908,bilsbie,2024-07-16 20:57:35,538
Crowdstrike – Statement on Falcon Content Update for Windows Hosts,https://www.crowdstrike.com/blog/statement-on-falcon-content-update-for-windows-hosts/,11,ankitdce,2024-07-19 23:52:13,3
The golden age of scammers: AI-powered phishing,https://www.mailgun.com/blog/email/ai-phishing/,197,pwmtr,2024-07-17 01:54:26,135
A Trillion Rogue Planets and Not One Sun to Shine on Them,https://spectrum.ieee.org/rogue-planet,6,belter,2024-07-18 13:11:31,0
'My testicles were on fire for weeks' the sex movie craze that swept 70s Britain,https://www.theguardian.com/tv-and-radio/article/2024/jul/19/my-testicles-were-on-fire-for-weeks-the-sex-movie-craze-that-swept-70s-britain,34,WWWMMMWWW,2024-07-20 02:14:42,7
Inside an IBM/Motorola mainframe controller chip from 1981,http://www.righto.com/2024/07/ibm-3274-keystone-chip.html,131,todsacerdoti,2024-07-16 20:27:51,93
The Paradoxical Paradise of the Garden,https://www.newyorker.com/books/under-review/olivia-laing-the-garden-against-time-book-review,3,Thevet,2024-07-19 08:44:46,0
May solar superstorm caused largest 'mass migration' of satellites in history,https://www.space.com/may-solar-storm-largest-mass-migration-satellites,7,jnord,2024-07-20 10:10:02,0
EspoTek Labrador: an Open-source board,https://github.com/EspoTek/Labrador,16,liamswayne,2024-07-17 01:16:27,1
Managing Classic Mac OS Resources in ResEdit,https://eclecticlight.co/2024/07/20/managing-classic-mac-os-resources-in-resedit/,7,ingve,2024-07-20 10:07:29,2
Show HN: I built a Switchless eSIM that works in 200 locations and regions,https://truely.com/,12,jackfitz,2024-07-17 18:58:09,6
Ask HN: How to deal with tech lead stealing your work?,,12,throwawayci111,2024-07-19 23:10:44,10
FBI Used New Cellebrite Software to Access Trump Shooter's Phone,https://www.bloomberg.com/news/articles/2024-07-18/fbi-used-new-cellebrite-software-to-access-trump-shooter-s-phone,17,sharjeelsayed,2024-07-20 19:59:54,1
Who's got the guts to go to the moon?,https://www.experimental-history.com/p/whos-got-the-guts-to-go-to-the-moon,31,ctoth,2024-07-16 23:55:05,26
"What spreadsheets need? LLMs, says Microsoft",https://www.theregister.com/2024/07/16/microsoft_research_llms_grok_spreadsheets/,19,galaxyLogic,2024-07-17 03:57:20,5
Show HN: Pippy – Pipelines for GitHub Actions,https://pippy.dev/,47,awenix,2024-07-17 10:17:23,21
Cloudflare reports almost 7% of internet traffic is malicious,https://www.zdnet.com/article/cloudflare-reports-almost-7-percent-of-internet-traffic-is-malicious/,67,isaacfrond,2024-07-17 15:47:13,22
Show HN: Magic-cli – A copilot for your command line,https://github.com/guywaldman/magic-cli,153,guywald,2024-07-17 00:58:21,93
Bayesian Statistics: The Three Cultures,https://statmodeling.stat.columbia.edu/2024/07/10/three-cultures-bayes-subjective-objective-pragmatic/,3,luu,2024-07-19 05:11:36,0
Postgres vs. Pinecone,https://lantern.dev/blog/postgres-vs-pinecone,112,diqi,2024-07-19 18:44:46,17
Godotcaml for Godot 4.2,https://fizzixnerd.com/blog/2024-06-24-announcing-godotcaml/,135,p4bl0,2024-07-16 14:25:06,50
Show HN: Wrote a JSON parser from scratch in go,https://github.com/KhushPatibandha/jsonParser,22,KhushPatibandha,2024-07-16 20:22:40,7
1.0.0 release of Rust support for seL4 userspace,https://github.com/seL4/rust-sel4/releases/tag/v1.0.0,6,Zamiel_Snawley,2024-07-20 04:51:49,1
'Lost' ball located 91 years on (2005),http://news.bbc.co.uk/2/hi/uk_news/england/lincolnshire/4175397.stm,14,thunderbong,2024-07-18 06:37:50,2
Advanced Terminal Tips and Tricks,https://www.bitsand.cloud/posts/terminal-tips/,38,danielklnstein,2024-07-20 10:34:18,5
Virtualising Darwin on L4 (2007) [pdf],https://trustworthy.systems/publications/theses_public/07/Root%3Abe.pdf,10,todsacerdoti,2024-07-17 20:52:18,0
"After 12 years of reviewing restaurants, I'm leaving the table",https://www.nytimes.com/2024/07/16/dining/pete-wells-steps-down-food-critic.html,145,necubi,2024-07-16 22:33:34,175
Dopamine-mediated interactions between short- and long-term memory dynamics,https://www.nature.com/articles/s41586-024-07819-w,11,gnabgib,2024-07-19 22:46:09,0
Tom Lehrer and Santa Cruz: the trail of one of America's premier satirists,https://lookout.co/tom-lehrer-and-santa-cruz-sleuthing-the-trail-of-one-of-americas-premier-satirists/,56,samclemens,2024-07-17 17:13:39,27
'A diagnosis can sweep away guilt': the delicate art of treating ADHD,https://www.theguardian.com/society/article/2024/jul/16/a-diagnosis-can-sweep-away-guilt-the-delicate-art-of-treating-adhd,14,Erikun,2024-07-16 17:38:39,0
People person: the greatness of Andrey Platonov,https://www.prospectmagazine.co.uk/culture/67208/people-person-the-greatness-of-andrey-platonov,63,conanxin,2024-07-16 17:13:24,9
Surprising Sleep Discovery Suggests We've Been Missing the Brain's Micro-Naps,https://www.sciencealert.com/surprising-sleep-discovery-suggests-weve-been-missing-the-brains-micro-naps,5,isaacfrond,2024-07-18 12:37:04,0
What Would You Do with a 16.8M Core Graph Processing Beast?,https://www.nextplatform.com/2023/09/01/what-would-you-do-with-a-16-8-million-core-graph-processing-beast/,4,rbanffy,2024-07-18 12:55:12,1
A Million Microscopic Trojan Horses – Using small proteins for drug and delivery,https://www.sciencedirect.com/science/article/abs/pii/S1360138524001444,10,kylebenzle,2024-07-19 18:39:35,1
Electric Clouds This Summer,https://nautil.us/dont-miss-the-electric-clouds-this-summer-704313/,46,yimby,2024-07-16 21:04:29,13
"Crowdstrike: What % of sys admins can remotely boot to safe mode, given BSOD?",,9,peterhartree,2024-07-19 12:25:49,11
New framework allows robots to learn via online human demonstration videos,https://techxplore.com/news/2024-07-framework-robots-online-human-videos.html,11,pseudolus,2024-07-19 15:49:42,1
How I Prepare Merge Requests,https://tillcarlos.com/mr-prep/,7,tillcarlos,2024-07-17 13:44:27,1
Unintentionally troubleshooting a new way to filter traffic,https://rachelbythebay.com/w/2024/07/17/bpf/,3,ink_13,2024-07-18 22:19:11,0
Collection of Dark Patterns and Unethical Design,https://hallofshame.design/collection/,189,janandonly,2024-07-18 10:41:58,71
AI is quietly being used to pick your pocket,https://www.businessinsider.com/ai-quietly-picking-your-pocket-with-personalized-pricing-2024-7,10,lulzury,2024-07-19 18:11:51,0
Tamron Appears To Be Developing a 50-200mm f/2.8 Lens,https://petapixel.com/2024/07/03/tamron-appears-to-be-developing-a-50-200mm-f-2-8-lens/,3,PaulHoule,2024-07-18 22:23:47,2
Self-Awareness Might Not Have Evolved to Benefit the Self After All,https://www.sciencealert.com/self-awareness-might-not-have-evolved-to-benefit-the-self-after-all,62,indigoabstract,2024-07-18 08:30:05,67
Panic at the Job Market,https://matt.sh/panic-at-the-job-market,1691,speckx,2024-07-17 18:25:11,1554
Ask HN: What's your preferred logging stack in Kubernetes,,7,ryanisnan,2024-07-17 21:07:18,2
Billions of Google goo.gl URLs will no longer work,https://www.seroundtable.com/google-goo-gl-urls-to-404-37758.html,8,mrzool,2024-07-19 19:19:14,1
"Elastocalorics could replace heat pumps, air conditioning systems",https://pv-magazine-usa.com/2024/07/17/elastocalorics-could-replace-heat-pumps-air-conditioning-systems/,40,watchdogtimer,2024-07-18 02:54:52,7
Google's shortened links will stop working next year,https://www.theverge.com/2024/7/19/24201734/google-url-link-shortening-service-shut-down-support,127,uladzislau,2024-07-20 07:36:15,61
A Human Powered CPU,https://nalinplad.github.io/human-powered-computer/,3,zachlatta,2024-07-18 19:08:16,0
Microsoft says 8.5M Windows devices were affected by CrowdStrike outage,https://techcrunch.com/2024/07/20/microsoft-says-8-5m-windows-devices-were-affected-by-crowdstrike-outage/,80,frays,2024-07-21 01:37:16,119
Schrödinger's cat among biology's pigeons: 75 years of What Is Life?,https://www.nature.com/articles/d41586-018-06034-8,60,merename,2024-07-16 21:01:34,9
Secure Boot on Gentoo with Shim and Grub,https://www.setphaserstostun.org/posts/secure-boot-on-gentoo-with-shim-grub/,3,jandeboevrie,2024-07-18 20:18:38,0
25% equity plus 6 month cliff,,16,Joseph614,2024-07-18 05:38:29,24
Tenstorrent Wormhole RISC-V Based Workstations for AI Development,https://hothardware.com/news/tenstorrent-wormhole-developer-kits-workstations,6,fork-bomber,2024-07-19 21:09:12,0
Ask HN: Making Microsoft Teams Bearable,,15,jxf,2024-07-18 20:18:06,24
Ask HN: How is your organization using LLMs?,,16,cloudking,2024-07-19 00:58:39,6
Wing-slapping: A defensive behavior by honey bees against ants,https://esajournals.onlinelibrary.wiley.com/doi/10.1002/ecy.4372,42,rntn,2024-07-18 21:21:51,10
The Scholar Who Inspired a Legion of Cranks,https://www.chronicle.com/article/the-scholar-who-inspired-a-legion-of-cranks,4,drdee,2024-07-18 17:27:54,1
Ask HN: What is the best online course you took recently?,,34,mznmel,2024-07-18 12:50:51,19
Startups building balloons to hoist tourists,https://www.cnbc.com/2024/07/13/balloons-to-hoist-tourists-100000-feet-into-the-stratosphere.html,42,amichail,2024-07-16 20:44:17,70
MapLab: Sleuthing for Undersea Cables,https://www.bloomberg.com/news/newsletters/2024-07-17/subway-style-map-visualizes-world-s-network-of-submarine-cables,18,divbzero,2024-07-18 21:42:45,3
First impressions of Go 1.23's range-over-func feature,https://boldlygo.tech/posts/2024-07-18-range-over-func/,7,todsacerdoti,2024-07-18 13:28:02,0
Deno-Python – A Debugging Story,https://sigmasd.github.io/blog/debug-story/,17,aapoalas,2024-07-17 10:09:39,2
That Time Apple Told Apple III Customers to Drop Their Computers,https://www.techjunkie.com/apple-iii-drop/,31,thunderbong,2024-07-18 06:48:13,35
"Are people too flawed, ignorant, and tribal for open societies?",https://www.conspicuouscognition.com/p/are-people-too-flawed-ignorant-and,58,jseliger,2024-07-20 22:18:11,85
"No home in Carmel, California has an address. That's about to change",https://www.sfgate.com/centralcoast/article/carmel-california-no-street-addresses-19573429.php,33,Stratoscope,2024-07-18 09:02:28,26
"Pixi – reproducible, scientific software workflows",https://prefix.dev/blog/pixi_for_scientists,5,todsacerdoti,2024-07-18 14:12:46,1
Magic Insert: Style-Aware Drag-and-Drop,https://magicinsert.github.io/,4,lnyan,2024-07-18 13:07:40,1
MJML – The Responsive Email Framework,https://mjml.io/,7,0x54MUR41,2024-07-20 09:38:20,1
iDOS 3 App Review appeal rejected despite UTM PC Emulator Approval,https://litchie.com/2024/04/new-hope?updated,40,tech234a,2024-07-17 23:29:57,19
"Real, actual Markdown support is arriving in Google Docs",https://arstechnica.com/gadgets/2024/07/real-actual-markdown-support-is-arriving-in-google-docs-not-a-moment-too-soon/,5,jmsflknr,2024-07-17 21:15:32,1
Linus Torvalds: XZ Utils Breach Raises Questions About Trust in Open Source [video],https://www.youtube.com/watch?v=vtce4vmZIC8,44,thunderbong,2024-07-19 18:58:11,2
Show HN: I made a website to learn and practice mental math,https://mentalmathpro.com,27,richardreeze,2024-07-17 20:52:47,11
Pac-Man on a vape: electronic cigarettes target youth as gaming devices,https://tobaccocontrol.bmj.com/content/early/2024/06/14/tc-2024-058794,8,geox,2024-07-19 22:44:03,4
Linux on endpoints as a solution to the monopolistic security software problem,https://manjaro.org/news/2024/crowdstrike-incident/,6,romangg,2024-07-20 15:45:50,4
Evolving the ASF Brand,https://news.apache.org/foundation/entry/evolving-the-asf-brand,66,Tomte,2024-07-18 20:20:27,82
Mermaid Gantt diagrams are great for displaying distributed traces in Markdown,https://brycemecum.com/2023/03/31/til-mermaid-tracing/,7,ulrischa,2024-07-17 20:02:04,0
"EfficientQAT: LLM Quantization, gets a 2-bit llama2-70B outperform regular 13B",https://old.reddit.com/r/LocalLLaMA/comments/1e5x2k4/new_llms_quantization_algorithm_efficientqat/,21,jackbravo,2024-07-18 03:44:35,0
Hoop.dev – the only access gateway with packet manipulation,https://github.com/hoophq/hoop,20,andriosr,2024-07-16 19:33:15,9
The future of APIs is (still) beginners,https://taylorbar.net/posts/the-future-of-apis-is-still-beginners/,10,mooreds,2024-07-16 19:19:45,0
Employees at Bethesda Game Studios Unionize,https://twitter.com/OneBGS_USA/status/1814417799902601409,33,ajford,2024-07-20 02:14:44,11
Major Fire Breaks Out on Maersk Containership in Arabian Sea,https://gcaptain.com/major-fire-breaks-out-on-maersk-containership-in-arabian-sea/,32,booleandilemma,2024-07-20 06:05:06,11
Anna’s Archive approaching 1 petabyte,https://annas-archive.org/blog/critical-window.html,74,popcalc,2024-07-16 23:49:16,16
'Google says I'm a dead physicist': is the biggest search engine broken?,https://www.theguardian.com/technology/article/2024/jul/20/google-is-the-worlds-biggest-search-engine-broken,81,iainmerrick,2024-07-21 01:34:55,59
Ask HN: How did you acquire your first customers for a consumer SaaS?,,13,guywithahat,2024-07-18 18:17:12,11
A scientist took a psychedelic drug – and watched his own brain 'fall apart',https://www.npr.org/sections/shots-health-news/2024/07/18/g-s1-11501/psilocybin-psychedelic-drug-brain-plasticity-depression-addiction,9,helsinkiandrew,2024-07-19 09:55:24,1
Ask HN: Is it possible for the world to lose track of what time it is?,,14,lopatin,2024-07-19 00:08:42,5
Rare footage of largest uncontacted tribe in the world [video],https://www.youtube.com/watch?v=QSzbUaJkV_0,61,quantisan,2024-07-20 00:45:34,57
Show HN: Dermatology-Grade Acne Assessment Tool,https://share.streamlit.io/-/auth/app?redirect_uri=https%3A%2F%2Fy-acne.streamlit.app%2F,8,AndreaRusso,2024-07-20 04:22:35,0
Elon Musk vs. California: what exits of X and SpaceX mean for the Golden state,https://www.theguardian.com/technology/article/2024/jul/20/elon-musk-california-spacex-texas,6,mitchbob,2024-07-21 02:16:40,2
Show HN: I made a tool to HTTPS your localhost,https://lokal.so/,4,rubi1945,2024-07-17 16:25:15,0
"Love, Death and PostgreSQL Triggers (2022)",https://blog.gitguardian.com/love-death-triggers/,13,ayoisaiah,2024-07-19 03:15:19,1
The Erie Canal: The man-made waterway that transformed the US,https://www.bbc.com/travel/article/20240715-the-erie-canal-the-manmade-waterway-that-transformed-the-us,86,bookofjoe,2024-07-18 15:05:14,43
Understanding 3D Graphics: Terms and concepts useful for starting with 3D,https://azeemba.com/posts/understanding-3d-graphics.html,6,azeemba,2024-07-17 01:09:03,0
Young adulthood is no longer one of life's happiest times,https://www.scientificamerican.com/article/young-adulthood-is-no-longer-one-of-lifes-happiest-times/,50,XzetaU8,2024-07-20 22:30:48,63
Money and Happiness: Extended Evidence Against Satiation,https://happiness-science.org/money-happiness-satiation/,87,ano-ther,2024-07-18 08:03:39,109
Show HN: Klipy - All in one AI CRM for small and growing businesses,https://klipy.ai/,9,sudopaeg,2024-07-17 13:07:41,2
Trump's comments on Taiwan hollowing out the US chip industry are incorrect,https://www.bloomberg.com/opinion/articles/2024-07-18/trump-is-wrong-about-taiwan-s-chip-industry,14,Terretta,2024-07-20 23:49:48,1
A slow pace of life predisposes insular endotherms to anthropogenic extinctions,https://www.science.org/doi/10.1126/sciadv.adm8240,4,rntn,2024-07-19 18:48:51,0
Deconstructing the Role-Playing Video Game,https://olano.dev/blog/deconstructing-the-role-playing-videogame/,144,todsacerdoti,2024-07-16 19:09:29,67
Chemists design novel method for generating sustainable fuel,https://news.osu.edu/chemists-design-novel-method-for-generating-sustainable-fuel/,4,geox,2024-07-19 18:31:16,0
Ask HN: How to finish last 30% of a side project?,,63,HowToFinishP,2024-07-19 22:34:47,53
Libera IRC Channels Sorted by Number of Users,https://netsplit.de/channels/?net=Libera.Chat,95,susam,2024-07-17 10:59:41,74
Where Is Qualcomm's Snapdragon X Elite Dev Kit?,https://www.jeffgeerling.com/blog/2024/where-qualcomms-snapdragon-x-elite-dev-kit,5,mikece,2024-07-19 18:22:59,0
Reflection: Smalltalk's Most Enduring Idea? By Bryan Foote (2017),https://www.youtube.com/watch?v=xOweQn70FQg,3,twoodfin,2024-07-20 01:51:14,0
DevRel at HuggingFace,https://dx.tips/huggingface,150,swyx,2024-07-16 21:56:07,86
"How a car cigarette lighter works, in CT scans",https://www.lumafield.com/article/how-does-a-car-cigarette-lighter-work,4,jonbruner,2024-07-17 23:57:43,0
"Switching off inflammatory protein leads to longer, healthier lifespans in mice",https://www.sciencedaily.com/releases/2024/07/240717120907.htm,5,willvk,2024-07-19 16:37:55,0
Looking for work after traumatic injury,,44,wildlogic,2024-07-17 13:13:44,6
Evolving Languages Faster with Type Tailoring,https://lambdaland.org/posts/2024-07-15_type_tailoring/,10,ashton314,2024-07-17 23:52:14,0
Everyone Is Judging AI by These Tests. Experts Say They're Close to Meaningless,https://themarkup.org/artificial-intelligence/2024/07/17/everyone-is-judging-ai-by-these-tests-but-experts-say-theyre-close-to-meaningless,28,billybuckwheat,2024-07-18 08:30:20,18
Game Designers Run Your Life,https://www.scientificamerican.com/article/how-games-run-everything-from-online-dating-to-social-media-to-stock-markets/,22,gautamsomani,2024-07-18 08:06:49,3
The AMD Zen 5 Microarchitecture,https://www.anandtech.com/show/21469/amd-details-ryzen-ai-300-series-for-mobile-strix-point-with-rdna-35-igpu-xdna-2-npu#comments,7,YakBizzarro,2024-07-19 15:31:31,2
Amazon defeats US consumers' class action over Whole Foods delivery fees,https://www.reuters.com/legal/litigation/amazon-defeats-us-consumers-class-action-over-whole-foods-delivery-fees-2024-07-19/,5,petethomas,2024-07-19 23:42:56,1
The XZ Backdoor Is More Interesting Than It Should Be,https://www.techdirt.com/2024/04/08/the-story-behind-the-xz-backdoor-is-way-more-fascinating-than-it-should-be/,30,ianrahman,2024-07-17 13:20:33,0
"Byju's, once valued at $22B, pushed into insolvency proceedings",https://techcrunch.com/2024/07/16/byjus-once-valued-at-22-billion-faces-insolvency-proceedings/,48,jmsflknr,2024-07-16 14:47:32,11
Nuclear fusion experiment hits new record for magnet strength,https://techcrunch.com/2024/07/18/wham-nuclear-fusion-experiment-hits-new-record-for-magnet-strength/,5,gladwindos,2024-07-19 14:14:45,0
Beautiful shadows need beautiful colors,https://www.kooslooijesteijn.net/blog/shadows-have-colors,4,KoosL,2024-07-17 22:03:28,0
Ask HN: Can subject-predicate-object triples suffice for an AGI knowledge base?,,7,bckr,2024-07-18 22:24:53,16
How Many Elite Chess Players Cheat?,https://www.wsj.com/sports/online-chess-cheating-report-ef4e6e59,14,drw,2024-07-18 18:13:38,6
Gitlab Explores Sale,https://www.reuters.com/markets/deals/google-backed-software-developer-gitlab-explores-sale-sources-say-2024-07-17/,182,gostsamo,2024-07-17 10:57:26,142
"A Physical instance of recursion, from 1936",https://en.wikipedia.org/wiki/Bourton-on-the-Water_model_village,28,ajb,2024-07-20 17:32:50,9
Chevereto – open-source self-hosted ImageShack alternative,https://chevereto.com,6,Brajeshwar,2024-07-17 17:16:06,1
Earth's Disastrous 10th Tipping Point Has Been Identified,https://www.popularmechanics.com/science/environment/a61626811/aquatic-deoxygenation-planetary-boundaries-crisis/,6,mepian,2024-07-19 04:40:10,0
"Even with no drug or vaccine, eradication of Guinea worm is in sight",https://www.nature.com/articles/d41586-024-02306-8,17,sohkamyung,2024-07-19 15:35:45,0
"I Like NetBSD, or Why Portability Matters",https://mccd.space/posts/netbsd-review/,5,jaypatelani,2024-07-17 17:08:40,1
Bananas Don't Taste Like They Used To. Here's Why,https://www.epicurious.com/ingredients/history-of-the-gros-michel-banana,52,speckx,2024-07-18 20:32:59,63
Migrating Coinbase's 56M Users to React Native: Key Lessons and Takeaways,https://stepchange.work/blog/migrating-coinbases-56-million-users-to-react-native-key-lessons-and-takeaways,4,cmpit,2024-07-17 16:18:28,0
Bringing Auto-Tuning to Hip: Comparing Performance Tuning on AMD and Nvidia,https://arxiv.org/abs/2407.11488,10,benvanwerkhoven,2024-07-17 15:03:34,3
Don't ask me to embarrass myself,https://basta.substack.com/p/dont-ask-me-to-embarrass-myself,36,adpreese,2024-07-19 05:33:20,13
"Proton Mail goes AI, security-focused userbase goes 'what on Earth'",https://pivot-to-ai.com/2024/07/18/proton-mail-goes-ai-security-focused-userbase-goes-what-on-earth/,17,robin_reala,2024-07-19 09:27:05,5
Museum Fatigue,https://en.wikipedia.org/wiki/Museum_fatigue,50,thorn121,2024-07-16 12:33:24,21
The new Claude Android app brings the power of Claude，includingClaude 3.5,https://www.anthropic.com/news/android-app,29,quxinxin,2024-07-17 09:18:39,2
May solar superstorm caused largest 'mass migration' of satellites in history,https://www.space.com/may-solar-storm-largest-mass-migration-satellites,6,Brajeshwar,2024-07-19 19:30:40,2
PyCon 2024 Videos Released,https://www.youtube.com/@PyConUS/videos,44,ampersand42,2024-07-18 20:11:57,4
"After a Decade of React, Is Front End a Post-React World Now?",https://thenewstack.io/after-a-decade-of-react-is-frontend-a-post-react-world-now/,6,theanonymousone,2024-07-19 09:42:25,1
Show HN: I graded HN on a11y wall of shame,https://a11y-shame.infolektuell.de/,8,Infolektuell,2024-07-17 12:35:33,6
Rapid protein evolution by few-shot learning with a protein language model,https://www.biorxiv.org/content/10.1101/2024.07.17.604015v1,3,birriel,2024-07-19 19:14:35,0
E.B. White's Beautiful Letter to a Man Who Had Lost Faith in Humanity,https://www.themarginalian.org/2014/05/06/e-b-white-letters-of-note-book/,26,Tomte,2024-07-16 23:28:16,1
The Cheap 10GbE Switch Buyers Guide,https://www.servethehome.com/the-ultimate-cheap-10gbe-switch-buyers-guide-netgear-ubiquiti-qnap-mikrotik-qct/,47,transpute,2024-07-20 05:32:41,19
"""Security is our top priority"" is meaningless",https://blog.waleson.com/2024/07/security-is-our-top-priority-is-bs.html,84,jtwaleson,2024-07-17 06:32:22,69
"Largest, most intact stegosaurus fossil ever found sells for $44.6M",https://www.theguardian.com/science/article/2024/jul/17/largest-most-intact-stegosaurus-fossil-ever-found-sells-for-446m,5,Brajeshwar,2024-07-19 18:42:22,0
The absolute minimum you must know about Unicode and encodings,https://www.joelonsoftware.com/2003/10/08/the-absolute-minimum-every-software-developer-absolutely-positively-must-know-about-unicode-and-character-sets-no-excuses/,15,halb,2024-07-18 01:40:34,2
When whimsical wildlife photography isn't what it seems,https://www.pbs.org/newshour/science/whimsical-wildlife-photography-isnt-seems,3,11001100,2024-07-17 10:23:57,0
Rapidly accelerating glacier melt in Alaska,https://from.ncl.ac.uk/closer-to-natures-tipping-point-rapidly-accelerating-glacier-melt-in-alaska,5,geox,2024-07-19 17:09:40,1
"""Organic"" Hydroponic Operations Allowed to Spray Glyphosate on the Soil",https://www.cornucopia.org/2019/04/organic-hydroponic-glyphosate/,4,hammock,2024-07-19 16:34:04,0
Go 1.23: Interactive release notes,https://antonz.org/go-1-23/,8,ingve,2024-07-20 16:27:54,0
Self-proclaimed Bitcoin inventor referred to UK prosecutors for alleged perjury,https://www.reuters.com/technology/self-proclaimed-bitcoin-inventor-referred-uk-prosecutors-alleged-perjury-2024-07-16/,43,JumpCrisscross,2024-07-16 13:34:31,5
Ask HN: Is it possible to do research outside academy?,,13,warkanlock,2024-07-18 12:50:38,19
Ask HN: How do you fairly split donations among an open source team?,,8,brauhaus,2024-07-19 02:28:11,8
Show HN: I am building an app that auto categorizes your data into clusters,https://www.motionapps.ai/automind,5,pablonm,2024-07-20 06:18:09,4
Show HN: Gluestack-UI v2 is here,https://www.gluestack.io/,8,surajahmed,2024-07-18 15:07:03,0
Plants might not hold on to carbon as long as we thought,https://www.sciencenews.org/article/plants-might-not-hold-carbon-as-long,3,XzetaU8,2024-07-19 15:26:52,2
Loss of oxygen in lakes and oceans,https://www.sciencedaily.com/releases/2024/07/240715135713.htm,118,Brajeshwar,2024-07-19 17:59:16,48
GPT-4o mini: advancing cost-efficient intelligence,https://openai.com/index/gpt-4o-mini-advancing-cost-efficient-intelligence/,220,bryanh,2024-07-18 20:02:15,77
Stratospheric Optical Earth Observation,https://intelligence.airbus.com/imagery/our-optical-and-radar-satellite-imagery/strat-observer/,7,ctoth,2024-07-18 02:17:24,1
Ask HN: Good Examples of Personal Websites,,17,in9,2024-07-17 21:59:35,17
The European NGI fund must be renewed,https://sourcehut.org/blog/2024-07-18-ngi-must-be-renewed/,3,LaSombra,2024-07-19 13:52:35,0
Proton Mail Adds an Open-Source AI Writing Assistant to Take on Gmail,https://news.itsfoss.com/proton-mail-ai-assistant/,63,elashri,2024-07-18 17:21:21,40
Our website is closed on Sundays,https://stickerninja.com/blog/website-closed-on-sundays/,48,aendruk,2024-07-18 19:11:35,16
"Against choosing your political allegiances based on who is ""pro-crypto""",https://vitalik.eth.limo/general/2024/07/17/procrypto.html,77,bpierre,2024-07-17 20:13:41,23
Unleashing 100 Mpps with Fd.io VPP on GCP x86,https://medium.com/google-cloud/forwarding-over-100-mpps-with-fd-io-vpp-on-x86-62b9447da554,4,signa11,2024-07-19 12:17:42,0
Google presents method to circumvent automatic blocking of tag manager,https://developers.google.com/tag-platform/tag-manager/first-party/setup-guide,145,iamacyborg,2024-07-17 11:16:33,81
Show HN: A Platform to Practice AWS+Terraform,https://cloudercoder.com/,7,redocr,2024-07-16 20:50:37,3
Americans' confidence in higher education has taken a nosedive,https://lithub.com/americans-confidence-in-higher-education-has-taken-a-nosedive/,121,pseudolus,2024-07-18 05:03:49,215
Scientists Turn Seawater to Drinking Water with the Push of a Button,https://greekreporter.com/2024/07/16/seawater-drinking-water-push-button/,26,hackernj,2024-07-17 05:29:12,2
The Camelot of collaboration (2001) [pdf],https://thoughtsofanidlemind.com/wp-content/uploads/2012/12/vaxnotes.pdf,3,dcminter,2024-07-16 17:07:48,0
Inkbase: Programmable Ink (2022),https://www.inkandswitch.com/inkbase/,5,surprisetalk,2024-07-16 17:06:51,1
Google URL Shortener links will no longer be available,https://developers.googleblog.com/en/google-url-shortener-links-will-no-longer-be-available/,134,mikece,2024-07-18 21:45:32,48
An Algorithm Told Police She Was Safe. Then Her Husband Killed Her,https://www.nytimes.com/interactive/2024/07/18/technology/spain-domestic-violence-viogen-algorithm.html,10,jryb,2024-07-18 13:59:05,15
"Signs of two gases in clouds of Venus could indicate life, scientists say",https://www.theguardian.com/science/article/2024/jul/17/signs-of-two-gases-phosphine-ammonia-in-clouds-of-venus-life,16,racional,2024-07-17 22:11:02,2
Htmx: Simplicity in an Age of Complicated Solutions,https://www.erikheemskerk.nl/htmx-simplicity/,49,thunderbong,2024-07-17 21:37:18,26
Figma explains how its AI tool ripped off Apple's design,https://www.theverge.com/2024/7/18/24201308/figma-make-designs-vet-apple,7,laktak,2024-07-19 09:29:02,1
"With seventh person seemingly cured of HIV, signs of hope for a broader cure",https://www.fiercebiotech.com/biotech/seventh-person-seemingly-cured-hiv-signs-hope-broader-cure,14,_tk_,2024-07-18 23:29:44,13
Microsoft's global sprawl under fire from regulators after Windows outage,https://www.washingtonpost.com/technology/2024/07/20/microsoft-outage-crowdstrike-regulatory-scrutiny/,41,leotravis10,2024-07-20 23:22:05,82
A scientist took a psychedelic drug – and watched his own brain 'fall apart',https://www.npr.org/sections/shots-health-news/2024/07/18/g-s1-11501/psilocybin-psychedelic-drug-brain-plasticity-depression-addiction,7,ready2operate,2024-07-18 21:28:42,0
Accuracy is Not All You Need,https://arxiv.org/abs/2407.09141,4,abhinav612,2024-07-16 14:21:13,0
Letsencrypt Supports Wildcard Certificates,https://letsencrypt.org/docs/faq/,52,metadat,2024-07-17 19:09:51,19
NASA's Curiosity Rover Discovers a Surprise in a Martian Rock,https://www.jpl.nasa.gov/news/nasas-curiosity-rover-discovers-a-surprise-in-a-martian-rock,5,cratermoon,2024-07-19 07:53:23,2
The biggest data breaches in 2024: 1B stolen records and rising,https://techcrunch.com/2024/07/16/2024-in-data-breaches-1-billion-stolen-records-and-rising/,16,mikece,2024-07-16 23:34:48,0
"Droughts, desertification, heatwaves: the climate crisis hits Sicily hard",https://www.euronews.com/2024/07/19/droughts-desertification-heatwaves-the-climate-crisis-hits-sicily-hard,7,croes,2024-07-20 12:01:09,0
Mitsubishi financial group execs take pay cut to atone for data breach,https://www.japantimes.co.jp/business/2024/07/19/companies/mufg-heads-pay-cuts/,6,anigbrowl,2024-07-20 05:43:46,0
Elon Musk's X adds pro-Trump icons for Trump hashtags,https://mashable.com/article/elon-musk-x-twitter-pro-trump-custom-hashtag-icon,13,archagon,2024-07-21 00:30:19,0
Bob Newhart has died,https://www.cnn.com/2024/07/18/entertainment/bob-newhart-death/index.html,52,AlbertCory,2024-07-18 23:33:48,20
"Data Formats: 3D, Audio, Image",https://paulbourke.net/dataformats/,78,gbarletta,2024-07-17 05:27:01,18
Math is running out of problems,https://medium.com/@jpolak/math-is-running-out-of-problems-14f2911fa46b,62,vouaobrasil,2024-07-16 15:23:54,89
Major Microsoft 365 outage caused by Azure configuration change,https://www.bleepingcomputer.com/news/microsoft/major-microsoft-365-outage-caused-by-azure-configuration-change/,102,doener,2024-07-19 14:18:06,64
GMC made a motorhome that pumped sewage through its exhaust on purpose,https://www.thedrive.com/news/culture/gmc-made-a-motorhome-that-pumped-sewage-through-its-exhaust-on-purpose,67,cebert,2024-07-18 05:36:16,61
Age before beauty: Why a decade-old laptop is more than enough,https://www.notebookcheck.net/Age-before-beauty-Why-a-decade-old-laptop-is-more-than-enough.858863.0.html,14,Rinzler89,2024-07-17 22:45:15,4
"Show HN: How we use LLMs to find testing gaps, vulnerabilities in codebases",https://github.com/codeintegrity-ai/mutahunter/blob/main/images/audit.png,8,coderinsan,2024-07-17 23:49:32,0
The Indian Farmers Battling Climate Change with 10k-Year-Old Emmer Wheat,https://www.foodunfolded.com/article/the-indian-farmers-battling-climate-change-with-10000-year-old-emmer-wheat,10,akbarnama,2024-07-19 18:22:21,2
Eight Years of GraphQL,https://www.magiroux.com/eight-years-of-graphql,92,fagnerbrack,2024-07-17 04:30:49,95
A New Development in the Debate About Instagram and Teens,https://www.theatlantic.com/technology/archive/2024/07/instagram-teen-well-being-studies/679048/,8,fortran77,2024-07-18 06:43:37,1
Lessons from a Private Equity Earn Out: How I Lost £550K Due to a Lowercase 'C',https://www.entrepreneur.com/en-gb/leadership/lessons-from-a-private-equity-earn-out-how-i-lost-ps550k/475909,6,seasicksteve,2024-07-17 21:39:11,1
Ten years of Overcast: A new foundation,https://marco.org/2024/07/16/overcast-rewrite,44,mikece,2024-07-16 16:33:47,1
Cord Blood Banks Mislead Parents,https://www.nytimes.com/2024/07/15/health/cord-blood-storage-contamination.html,3,lxm,2024-07-19 03:11:51,0
What's safe to eat? (pesticide risk level),https://www.theguardian.com/environment/2024/apr/18/food-pesticides-table-guide-fruits-vegetables,6,fallinditch,2024-07-20 02:41:30,0
"Bernice Johnson Reagon, US civil rights activist and singer, dies aged 81",https://www.theguardian.com/us-news/article/2024/jul/18/bernice-johnson-reagon-dead,4,racional,2024-07-19 00:50:37,0
Tenstorrent Wormhole Developer Kits Launched,https://www.servethehome.com/tenstorrent-wormhole-developer-kits-launched-risc-v/,6,hasheddan,2024-07-19 02:04:49,0
Secret Service flagged as Elon Musk shares AI video of 'Trump murdering Biden',https://www.rawstory.com/secret-service-elon-musk-trump-ai-biden/,8,MBCook,2024-07-21 05:31:03,2
The explosion in time series forecasting packages in data science,https://aeturrell.com/blog/posts/time-series-explosion/,21,sebg,2024-07-18 23:42:16,7
The Arctic Dilemma,https://arctic-council.org/news/the-arctic-dilemma/,10,tokai,2024-07-19 06:33:04,0
The Law of Large Numbers or Why It Is a Bad Idea to Go to the Casino,https://easylang.online/apps/tut_mcarlo.html?2407,7,todsacerdoti,2024-07-17 18:22:53,0
Ask HN: What is in C-00000291*.sys?,,128,franze,2024-07-19 12:29:51,94
New in CSS: Relative Colors,https://www.stefanjudis.com/notes/new-in-css-relative-colors/,17,di,2024-07-19 01:18:05,0
AT&T Breach Shows Why RCS Can't Be Trusted,https://daringfireball.net/2024/07/att_data_breach_rcs_ios,25,ingve,2024-07-18 10:07:53,20
PS-HTTPD: A web server written in PostScript (2010),https://www.pugo.org/projects/pshttpd/,63,todsacerdoti,2024-07-16 13:35:56,18
The future of US astronomy just dimmed by half,https://bigthink.com/starts-with-a-bang/future-astronomy-dimmed-by-half/,8,spenced,2024-07-17 22:34:03,1
China Is Remaking Itself into a Tech Behemoth,https://www.bloomberg.com/news/articles/2024-07-18/video-china-is-remaking-itself-into-a-21st-century-tech-behemoth,17,toomuchtodo,2024-07-19 05:03:12,2
Ask HN: Meta can't recover account if it was faceless,,10,throwmuhsan,2024-07-18 03:01:29,2
Risk of long Covid declined over course of pandemic,https://medicine.wustl.edu/news/risk-of-long-covid-declined-over-course-of-pandemic/,16,geox,2024-07-18 06:05:54,2
